departamento,slug,anio,perdida_ha,cobertura_2000_ha,perdida_total_ha,perdida_pct
Boquerón,boqueron,2001,49505.52,7070870.8,3245165.29,45.89
Boquerón,boqueron,2002,51005.93,7070870.8,3245165.29,45.89
Boquerón,boqueron,2003,49574.5,7070870.8,3245165.29,45.89
Boquerón,boqueron,2004,47093.5,7070870.8,3245165.29,45.89
Boquerón,boqueron,2005,108155.71,7070870.8,3245165.29,45.89
Boquerón,boqueron,2006,49617.64,7070870.8,3245165.29,45.89
Boquerón,boqueron,2007,194829.85,7070870.8,3245165.29,45.89
Boquerón,boqueron,2008,162841.55,7070870.8,3245165.29,45.89
Boquerón,boqueron,2009,172624.98,7070870.8,3245165.29,45.89
Boquerón,boqueron,2010,190462.11,7070870.8,3245165.29,45.89
Boquerón,boqueron,2011,244335.97,7070870.8,3245165.29,45.89
Boquerón,boqueron,2012,243141.04,7070870.8,3245165.29,45.89
Boquerón,boqueron,2013,155681.8,7070870.8,3245165.29,45.89
Boquerón,boqueron,2014,204412.37,7070870.8,3245165.29,45.89
Boquerón,boqueron,2015,166571.82,7070870.8,3245165.29,45.89
Boquerón,boqueron,2016,171006.84,7070870.8,3245165.29,45.89
Boquerón,boqueron,2017,164190.96,7070870.8,3245165.29,45.89
Boquerón,boqueron,2018,162678.74,7070870.8,3245165.29,45.89
Boquerón,boqueron,2019,90046.72,7070870.8,3245165.29,45.89
Boquerón,boqueron,2020,110060.89,7070870.8,3245165.29,45.89
Boquerón,boqueron,2021,97834.62,7070870.8,3245165.29,45.89
Boquerón,boqueron,2022,89720.74,7070870.8,3245165.29,45.89
Boquerón,boqueron,2023,84768.79,7070870.8,3245165.29,45.89
Boquerón,boqueron,2024,110069.36,7070870.8,3245165.29,45.89
Boquerón,boqueron,2025,74933.34,7070870.8,3245165.29,45.89
Presidente Hayes,presidente_hayes,2001,26004.31,4039966.4,1002538.32,24.82
Presidente Hayes,presidente_hayes,2002,25540.11,4039966.4,1002538.32,24.82
Presidente Hayes,presidente_hayes,2003,41061.17,4039966.4,1002538.32,24.82
Presidente Hayes,presidente_hayes,2004,35333.54,4039966.4,1002538.32,24.82
Presidente Hayes,presidente_hayes,2005,52411.2,4039966.4,1002538.32,24.82
Presidente Hayes,presidente_hayes,2006,36583.56,4039966.4,1002538.32,24.82
Presidente Hayes,presidente_hayes,2007,63508.2,4039966.4,1002538.32,24.82
Presidente Hayes,presidente_hayes,2008,59010.53,4039966.4,1002538.32,24.82
Presidente Hayes,presidente_hayes,2009,58270.5,4039966.4,1002538.32,24.82
Presidente Hayes,presidente_hayes,2010,69580.06,4039966.4,1002538.32,24.82
Presidente Hayes,presidente_hayes,2011,58790.76,4039966.4,1002538.32,24.82
Presidente Hayes,presidente_hayes,2012,51424.45,4039966.4,1002538.32,24.82
Presidente Hayes,presidente_hayes,2013,33602.49,4039966.4,1002538.32,24.82
Presidente Hayes,presidente_hayes,2014,28356.82,4039966.4,1002538.32,24.82
Presidente Hayes,presidente_hayes,2015,30067.28,4039966.4,1002538.32,24.82
Presidente Hayes,presidente_hayes,2016,37407.74,4039966.4,1002538.32,24.82
Presidente Hayes,presidente_hayes,2017,54098.25,4039966.4,1002538.32,24.82
Presidente Hayes,presidente_hayes,2018,28370.29,4039966.4,1002538.32,24.82
Presidente Hayes,presidente_hayes,2019,19892.78,4039966.4,1002538.32,24.82
Presidente Hayes,presidente_hayes,2020,31560.85,4039966.4,1002538.32,24.82
Presidente Hayes,presidente_hayes,2021,33195.48,4039966.4,1002538.32,24.82
Presidente Hayes,presidente_hayes,2022,32101.44,4039966.4,1002538.32,24.82
Presidente Hayes,presidente_hayes,2023,31235.34,4039966.4,1002538.32,24.82
Presidente Hayes,presidente_hayes,2024,39582.87,4039966.4,1002538.32,24.82
Presidente Hayes,presidente_hayes,2025,25548.3,4039966.4,1002538.32,24.82
Central,central,2001,119.77,75030.2,8724.26,11.63
Central,central,2002,143.54,75030.2,8724.26,11.63
Central,central,2003,299.07,75030.2,8724.26,11.63
Central,central,2004,308.87,75030.2,8724.26,11.63
Central,central,2005,205.76,75030.2,8724.26,11.63
Central,central,2006,229.3,75030.2,8724.26,11.63
Central,central,2007,161.47,75030.2,8724.26,11.63
Central,central,2008,473.15,75030.2,8724.26,11.63
Central,central,2009,246.36,75030.2,8724.26,11.63
Central,central,2010,245.03,75030.2,8724.26,11.63
Central,central,2011,195.81,75030.2,8724.26,11.63
Central,central,2012,310.59,75030.2,8724.26,11.63
Central,central,2013,225.53,75030.2,8724.26,11.63
Central,central,2014,247.17,75030.2,8724.26,11.63
Central,central,2015,125.45,75030.2,8724.26,11.63
Central,central,2016,533.83,75030.2,8724.26,11.63
Central,central,2017,528.83,75030.2,8724.26,11.63
Central,central,2018,236.41,75030.2,8724.26,11.63
Central,central,2019,275.75,75030.2,8724.26,11.63
Central,central,2020,396.08,75030.2,8724.26,11.63
Central,central,2021,447.17,75030.2,8724.26,11.63
Central,central,2022,829.85,75030.2,8724.26,11.63
Central,central,2023,819.8,75030.2,8724.26,11.63
Central,central,2024,665.85,75030.2,8724.26,11.63
Central,central,2025,453.82,75030.2,8724.26,11.63
Asunción,asuncion,2001,2.51,1669.4,262.62,15.73
Asunción,asuncion,2002,2.35,1669.4,262.62,15.73
Asunción,asuncion,2003,3.81,1669.4,262.62,15.73
Asunción,asuncion,2004,10.93,1669.4,262.62,15.73
Asunción,asuncion,2005,3.73,1669.4,262.62,15.73
Asunción,asuncion,2006,3.65,1669.4,262.62,15.73
Asunción,asuncion,2007,1.94,1669.4,262.62,15.73
Asunción,asuncion,2008,12.74,1669.4,262.62,15.73
Asunción,asuncion,2009,8.34,1669.4,262.62,15.73
Asunción,asuncion,2010,5.43,1669.4,262.62,15.73
Asunción,asuncion,2011,17.6,1669.4,262.62,15.73
Asunción,asuncion,2012,7.69,1669.4,262.62,15.73
Asunción,asuncion,2013,0.73,1669.4,262.62,15.73
Asunción,asuncion,2014,5.59,1669.4,262.62,15.73
Asunción,asuncion,2015,7.18,1669.4,262.62,15.73
Asunción,asuncion,2016,47.82,1669.4,262.62,15.73
Asunción,asuncion,2017,21.12,1669.4,262.62,15.73
Asunción,asuncion,2018,15.63,1669.4,262.62,15.73
Asunción,asuncion,2019,12.71,1669.4,262.62,15.73
Asunción,asuncion,2020,1.86,1669.4,262.62,15.73
Asunción,asuncion,2021,27.06,1669.4,262.62,15.73
Asunción,asuncion,2022,27.31,1669.4,262.62,15.73
Asunción,asuncion,2023,5.25,1669.4,262.62,15.73
Asunción,asuncion,2024,2.92,1669.4,262.62,15.73
Asunción,asuncion,2025,6.72,1669.4,262.62,15.73
Alto Paraná,alto_parana,2001,6094.49,464050.4,117410.72,25.3
Alto Paraná,alto_parana,2002,9363.52,464050.4,117410.72,25.3
Alto Paraná,alto_parana,2003,15105.68,464050.4,117410.72,25.3
Alto Paraná,alto_parana,2004,12889.08,464050.4,117410.72,25.3
Alto Paraná,alto_parana,2005,7089.53,464050.4,117410.72,25.3
Alto Paraná,alto_parana,2006,3171.87,464050.4,117410.72,25.3
Alto Paraná,alto_parana,2007,5398.88,464050.4,117410.72,25.3
Alto Paraná,alto_parana,2008,4593.2,464050.4,117410.72,25.3
Alto Paraná,alto_parana,2009,1202.89,464050.4,117410.72,25.3
Alto Paraná,alto_parana,2010,2541.76,464050.4,117410.72,25.3
Alto Paraná,alto_parana,2011,4251.58,464050.4,117410.72,25.3
Alto Paraná,alto_parana,2012,7581.74,464050.4,117410.72,25.3
Alto Paraná,alto_parana,2013,3243.69,464050.4,117410.72,25.3
Alto Paraná,alto_parana,2014,4801.79,464050.4,117410.72,25.3
Alto Paraná,alto_parana,2015,2091.48,464050.4,117410.72,25.3
Alto Paraná,alto_parana,2016,3252.09,464050.4,117410.72,25.3
Alto Paraná,alto_parana,2017,5870.1,464050.4,117410.72,25.3
Alto Paraná,alto_parana,2018,2343.91,464050.4,117410.72,25.3
Alto Paraná,alto_parana,2019,3455.65,464050.4,117410.72,25.3
Alto Paraná,alto_parana,2020,3081.02,464050.4,117410.72,25.3
Alto Paraná,alto_parana,2021,2969.92,464050.4,117410.72,25.3
Alto Paraná,alto_parana,2022,1887.85,464050.4,117410.72,25.3
Alto Paraná,alto_parana,2023,1609.45,464050.4,117410.72,25.3
Alto Paraná,alto_parana,2024,2103.68,464050.4,117410.72,25.3
Alto Paraná,alto_parana,2025,1415.87,464050.4,117410.72,25.3
Itapúa,itapua,2001,2734.69,592542.0,116309.52,19.63
Itapúa,itapua,2002,7078.13,592542.0,116309.52,19.63
Itapúa,itapua,2003,10674.73,592542.0,116309.52,19.63
Itapúa,itapua,2004,8214.44,592542.0,116309.52,19.63
Itapúa,itapua,2005,2953.45,592542.0,116309.52,19.63
Itapúa,itapua,2006,3515.73,592542.0,116309.52,19.63
Itapúa,itapua,2007,1734.6,592542.0,116309.52,19.63
Itapúa,itapua,2008,3836.49,592542.0,116309.52,19.63
Itapúa,itapua,2009,1584.39,592542.0,116309.52,19.63
Itapúa,itapua,2010,1607.91,592542.0,116309.52,19.63
Itapúa,itapua,2011,1919.36,592542.0,116309.52,19.63
Itapúa,itapua,2012,4321.7,592542.0,116309.52,19.63
Itapúa,itapua,2013,2617.35,592542.0,116309.52,19.63
Itapúa,itapua,2014,2668.68,592542.0,116309.52,19.63
Itapúa,itapua,2015,1431.17,592542.0,116309.52,19.63
Itapúa,itapua,2016,2752.44,592542.0,116309.52,19.63
Itapúa,itapua,2017,5229.3,592542.0,116309.52,19.63
Itapúa,itapua,2018,2518.3,592542.0,116309.52,19.63
Itapúa,itapua,2019,4140.48,592542.0,116309.52,19.63
Itapúa,itapua,2020,23520.86,592542.0,116309.52,19.63
Itapúa,itapua,2021,5082.77,592542.0,116309.52,19.63
Itapúa,itapua,2022,5782.58,592542.0,116309.52,19.63
Itapúa,itapua,2023,2836.61,592542.0,116309.52,19.63
Itapúa,itapua,2024,4089.33,592542.0,116309.52,19.63
Itapúa,itapua,2025,3464.03,592542.0,116309.52,19.63
Ñeembucú,neembucu,2001,51.81,180680.0,4540.03,2.51
Ñeembucú,neembucu,2002,40.44,180680.0,4540.03,2.51
Ñeembucú,neembucu,2003,115.29,180680.0,4540.03,2.51
Ñeembucú,neembucu,2004,117.86,180680.0,4540.03,2.51
Ñeembucú,neembucu,2005,84.99,180680.0,4540.03,2.51
Ñeembucú,neembucu,2006,112.63,180680.0,4540.03,2.51
Ñeembucú,neembucu,2007,92.17,180680.0,4540.03,2.51
Ñeembucú,neembucu,2008,191.74,180680.0,4540.03,2.51
Ñeembucú,neembucu,2009,237.94,180680.0,4540.03,2.51
Ñeembucú,neembucu,2010,65.82,180680.0,4540.03,2.51
Ñeembucú,neembucu,2011,53.5,180680.0,4540.03,2.51
Ñeembucú,neembucu,2012,210.59,180680.0,4540.03,2.51
Ñeembucú,neembucu,2013,101.15,180680.0,4540.03,2.51
Ñeembucú,neembucu,2014,81.97,180680.0,4540.03,2.51
Ñeembucú,neembucu,2015,91.76,180680.0,4540.03,2.51
Ñeembucú,neembucu,2016,144.22,180680.0,4540.03,2.51
Ñeembucú,neembucu,2017,256.82,180680.0,4540.03,2.51
Ñeembucú,neembucu,2018,130.69,180680.0,4540.03,2.51
Ñeembucú,neembucu,2019,120.27,180680.0,4540.03,2.51
Ñeembucú,neembucu,2020,74.27,180680.0,4540.03,2.51
Ñeembucú,neembucu,2021,244.27,180680.0,4540.03,2.51
Ñeembucú,neembucu,2022,485.03,180680.0,4540.03,2.51
Ñeembucú,neembucu,2023,166.9,180680.0,4540.03,2.51
Ñeembucú,neembucu,2024,399.48,180680.0,4540.03,2.51
Ñeembucú,neembucu,2025,868.42,180680.0,4540.03,2.51
Misiones,misiones,2001,138.13,154808.3,12351.97,7.98
Misiones,misiones,2002,104.12,154808.3,12351.97,7.98
Misiones,misiones,2003,291.0,154808.3,12351.97,7.98
Misiones,misiones,2004,384.3,154808.3,12351.97,7.98
Misiones,misiones,2005,432.96,154808.3,12351.97,7.98
Misiones,misiones,2006,228.66,154808.3,12351.97,7.98
Misiones,misiones,2007,339.09,154808.3,12351.97,7.98
Misiones,misiones,2008,454.59,154808.3,12351.97,7.98
Misiones,misiones,2009,585.8,154808.3,12351.97,7.98
Misiones,misiones,2010,620.72,154808.3,12351.97,7.98
Misiones,misiones,2011,528.45,154808.3,12351.97,7.98
Misiones,misiones,2012,397.48,154808.3,12351.97,7.98
Misiones,misiones,2013,369.4,154808.3,12351.97,7.98
Misiones,misiones,2014,319.07,154808.3,12351.97,7.98
Misiones,misiones,2015,202.35,154808.3,12351.97,7.98
Misiones,misiones,2016,407.06,154808.3,12351.97,7.98
Misiones,misiones,2017,531.24,154808.3,12351.97,7.98
Misiones,misiones,2018,268.37,154808.3,12351.97,7.98
Misiones,misiones,2019,215.32,154808.3,12351.97,7.98
Misiones,misiones,2020,558.22,154808.3,12351.97,7.98
Misiones,misiones,2021,840.36,154808.3,12351.97,7.98
Misiones,misiones,2022,931.77,154808.3,12351.97,7.98
Misiones,misiones,2023,657.74,154808.3,12351.97,7.98
Misiones,misiones,2024,1704.33,154808.3,12351.97,7.98
Misiones,misiones,2025,841.44,154808.3,12351.97,7.98
Alto Paraguay,alto_paraguay,2001,43013.12,6862216.0,2165089.32,31.55
Alto Paraguay,alto_paraguay,2002,64081.62,6862216.0,2165089.32,31.55
Alto Paraguay,alto_paraguay,2003,97046.8,6862216.0,2165089.32,31.55
Alto Paraguay,alto_paraguay,2004,48495.74,6862216.0,2165089.32,31.55
Alto Paraguay,alto_paraguay,2005,49157.77,6862216.0,2165089.32,31.55
Alto Paraguay,alto_paraguay,2006,32310.74,6862216.0,2165089.32,31.55
Alto Paraguay,alto_paraguay,2007,98975.39,6862216.0,2165089.32,31.55
Alto Paraguay,alto_paraguay,2008,125161.17,6862216.0,2165089.32,31.55
Alto Paraguay,alto_paraguay,2009,121444.79,6862216.0,2165089.32,31.55
Alto Paraguay,alto_paraguay,2010,169621.17,6862216.0,2165089.32,31.55
Alto Paraguay,alto_paraguay,2011,116940.57,6862216.0,2165089.32,31.55
Alto Paraguay,alto_paraguay,2012,148880.26,6862216.0,2165089.32,31.55
Alto Paraguay,alto_paraguay,2013,88425.87,6862216.0,2165089.32,31.55
Alto Paraguay,alto_paraguay,2014,81342.85,6862216.0,2165089.32,31.55
Alto Paraguay,alto_paraguay,2015,79896.39,6862216.0,2165089.32,31.55
Alto Paraguay,alto_paraguay,2016,102386.44,6862216.0,2165089.32,31.55
Alto Paraguay,alto_paraguay,2017,79020.11,6862216.0,2165089.32,31.55
Alto Paraguay,alto_paraguay,2018,53493.73,6862216.0,2165089.32,31.55
Alto Paraguay,alto_paraguay,2019,176042.47,6862216.0,2165089.32,31.55
Alto Paraguay,alto_paraguay,2020,42970.6,6862216.0,2165089.32,31.55
Alto Paraguay,alto_paraguay,2021,101654.17,6862216.0,2165089.32,31.55
Alto Paraguay,alto_paraguay,2022,66468.84,6862216.0,2165089.32,31.55
Alto Paraguay,alto_paraguay,2023,47264.84,6862216.0,2165089.32,31.55
Alto Paraguay,alto_paraguay,2024,98375.51,6862216.0,2165089.32,31.55
Alto Paraguay,alto_paraguay,2025,32618.36,6862216.0,2165089.32,31.55
Concepción,concepcion,2001,6400.07,1021504.4,263046.66,25.75
Concepción,concepcion,2002,11398.02,1021504.4,263046.66,25.75
Concepción,concepcion,2003,8871.83,1021504.4,263046.66,25.75
Concepción,concepcion,2004,16903.29,1021504.4,263046.66,25.75
Concepción,concepcion,2005,9339.19,1021504.4,263046.66,25.75
Concepción,concepcion,2006,8633.95,1021504.4,263046.66,25.75
Concepción,concepcion,2007,15234.79,1021504.4,263046.66,25.75
Concepción,concepcion,2008,7979.03,1021504.4,263046.66,25.75
Concepción,concepcion,2009,6139.05,1021504.4,263046.66,25.75
Concepción,concepcion,2010,7857.4,1021504.4,263046.66,25.75
Concepción,concepcion,2011,8910.87,1021504.4,263046.66,25.75
Concepción,concepcion,2012,7272.9,1021504.4,263046.66,25.75
Concepción,concepcion,2013,9930.6,1021504.4,263046.66,25.75
Concepción,concepcion,2014,7399.77,1021504.4,263046.66,25.75
Concepción,concepcion,2015,4073.34,1021504.4,263046.66,25.75
Concepción,concepcion,2016,7592.01,1021504.4,263046.66,25.75
Concepción,concepcion,2017,15175.21,1021504.4,263046.66,25.75
Concepción,concepcion,2018,6551.1,1021504.4,263046.66,25.75
Concepción,concepcion,2019,11715.06,1021504.4,263046.66,25.75
Concepción,concepcion,2020,8589.5,1021504.4,263046.66,25.75
Concepción,concepcion,2021,21513.54,1021504.4,263046.66,25.75
Concepción,concepcion,2022,13783.32,1021504.4,263046.66,25.75
Concepción,concepcion,2023,11859.99,1021504.4,263046.66,25.75
Concepción,concepcion,2024,16341.02,1021504.4,263046.66,25.75
Concepción,concepcion,2025,13581.81,1021504.4,263046.66,25.75
Amambay,amambay,2001,7019.88,572964.5,211590.68,36.93
Amambay,amambay,2002,13150.04,572964.5,211590.68,36.93
Amambay,amambay,2003,7611.98,572964.5,211590.68,36.93
Amambay,amambay,2004,11563.35,572964.5,211590.68,36.93
Amambay,amambay,2005,3037.37,572964.5,211590.68,36.93
Amambay,amambay,2006,3788.0,572964.5,211590.68,36.93
Amambay,amambay,2007,9154.19,572964.5,211590.68,36.93
Amambay,amambay,2008,6081.47,572964.5,211590.68,36.93
Amambay,amambay,2009,4669.0,572964.5,211590.68,36.93
Amambay,amambay,2010,5407.29,572964.5,211590.68,36.93
Amambay,amambay,2011,6763.89,572964.5,211590.68,36.93
Amambay,amambay,2012,7393.37,572964.5,211590.68,36.93
Amambay,amambay,2013,7574.67,572964.5,211590.68,36.93
Amambay,amambay,2014,7519.08,572964.5,211590.68,36.93
Amambay,amambay,2015,5092.06,572964.5,211590.68,36.93
Amambay,amambay,2016,8979.93,572964.5,211590.68,36.93
Amambay,amambay,2017,27242.13,572964.5,211590.68,36.93
Amambay,amambay,2018,5390.68,572964.5,211590.68,36.93
Amambay,amambay,2019,13702.62,572964.5,211590.68,36.93
Amambay,amambay,2020,4612.72,572964.5,211590.68,36.93
Amambay,amambay,2021,14065.14,572964.5,211590.68,36.93
Amambay,amambay,2022,6266.78,572964.5,211590.68,36.93
Amambay,amambay,2023,6046.28,572964.5,211590.68,36.93
Amambay,amambay,2024,14788.83,572964.5,211590.68,36.93
Amambay,amambay,2025,4669.93,572964.5,211590.68,36.93
Canindeyú,canindeyu,2001,15099.65,726283.2,312795.9,43.07
Canindeyú,canindeyu,2002,13930.59,726283.2,312795.9,43.07
Canindeyú,canindeyu,2003,18965.07,726283.2,312795.9,43.07
Canindeyú,canindeyu,2004,27198.87,726283.2,312795.9,43.07
Canindeyú,canindeyu,2005,16866.05,726283.2,312795.9,43.07
Canindeyú,canindeyu,2006,4803.51,726283.2,312795.9,43.07
Canindeyú,canindeyu,2007,22361.63,726283.2,312795.9,43.07
Canindeyú,canindeyu,2008,10310.4,726283.2,312795.9,43.07
Canindeyú,canindeyu,2009,4431.68,726283.2,312795.9,43.07
Canindeyú,canindeyu,2010,8287.35,726283.2,312795.9,43.07
Canindeyú,canindeyu,2011,15641.87,726283.2,312795.9,43.07
Canindeyú,canindeyu,2012,15701.16,726283.2,312795.9,43.07
Canindeyú,canindeyu,2013,13578.15,726283.2,312795.9,43.07
Canindeyú,canindeyu,2014,11849.0,726283.2,312795.9,43.07
Canindeyú,canindeyu,2015,5061.94,726283.2,312795.9,43.07
Canindeyú,canindeyu,2016,7776.02,726283.2,312795.9,43.07
Canindeyú,canindeyu,2017,19380.38,726283.2,312795.9,43.07
Canindeyú,canindeyu,2018,5286.06,726283.2,312795.9,43.07
Canindeyú,canindeyu,2019,16004.15,726283.2,312795.9,43.07
Canindeyú,canindeyu,2020,18547.64,726283.2,312795.9,43.07
Canindeyú,canindeyu,2021,12097.24,726283.2,312795.9,43.07
Canindeyú,canindeyu,2022,8604.38,726283.2,312795.9,43.07
Canindeyú,canindeyu,2023,5224.81,726283.2,312795.9,43.07
Canindeyú,canindeyu,2024,10800.68,726283.2,312795.9,43.07
Canindeyú,canindeyu,2025,4987.62,726283.2,312795.9,43.07
San Pedro,san_pedro,2001,11105.92,997700.1,430394.99,43.14
San Pedro,san_pedro,2002,15146.54,997700.1,430394.99,43.14
San Pedro,san_pedro,2003,21973.82,997700.1,430394.99,43.14
San Pedro,san_pedro,2004,33728.82,997700.1,430394.99,43.14
San Pedro,san_pedro,2005,26652.92,997700.1,430394.99,43.14
San Pedro,san_pedro,2006,10871.22,997700.1,430394.99,43.14
San Pedro,san_pedro,2007,41902.75,997700.1,430394.99,43.14
San Pedro,san_pedro,2008,14645.35,997700.1,430394.99,43.14
San Pedro,san_pedro,2009,8912.59,997700.1,430394.99,43.14
San Pedro,san_pedro,2010,13850.3,997700.1,430394.99,43.14
San Pedro,san_pedro,2011,19483.31,997700.1,430394.99,43.14
San Pedro,san_pedro,2012,33494.92,997700.1,430394.99,43.14
San Pedro,san_pedro,2013,16389.3,997700.1,430394.99,43.14
San Pedro,san_pedro,2014,14606.68,997700.1,430394.99,43.14
San Pedro,san_pedro,2015,8193.69,997700.1,430394.99,43.14
San Pedro,san_pedro,2016,10862.15,997700.1,430394.99,43.14
San Pedro,san_pedro,2017,22896.61,997700.1,430394.99,43.14
San Pedro,san_pedro,2018,9282.23,997700.1,430394.99,43.14
San Pedro,san_pedro,2019,15061.11,997700.1,430394.99,43.14
San Pedro,san_pedro,2020,11421.91,997700.1,430394.99,43.14
San Pedro,san_pedro,2021,17380.68,997700.1,430394.99,43.14
San Pedro,san_pedro,2022,15361.25,997700.1,430394.99,43.14
San Pedro,san_pedro,2023,12808.25,997700.1,430394.99,43.14
San Pedro,san_pedro,2024,13922.24,997700.1,430394.99,43.14
San Pedro,san_pedro,2025,10440.43,997700.1,430394.99,43.14
Caaguazú,caaguazu,2001,5602.67,550598.0,179045.07,32.52
Caaguazú,caaguazu,2002,8277.91,550598.0,179045.07,32.52
Caaguazú,caaguazu,2003,15640.38,550598.0,179045.07,32.52
Caaguazú,caaguazu,2004,16403.89,550598.0,179045.07,32.52
Caaguazú,caaguazu,2005,8505.92,550598.0,179045.07,32.52
Caaguazú,caaguazu,2006,3052.14,550598.0,179045.07,32.52
Caaguazú,caaguazu,2007,6933.88,550598.0,179045.07,32.52
Caaguazú,caaguazu,2008,4977.05,550598.0,179045.07,32.52
Caaguazú,caaguazu,2009,2164.36,550598.0,179045.07,32.52
Caaguazú,caaguazu,2010,4071.29,550598.0,179045.07,32.52
Caaguazú,caaguazu,2011,8984.6,550598.0,179045.07,32.52
Caaguazú,caaguazu,2012,11619.13,550598.0,179045.07,32.52
Caaguazú,caaguazu,2013,5007.24,550598.0,179045.07,32.52
Caaguazú,caaguazu,2014,6780.8,550598.0,179045.07,32.52
Caaguazú,caaguazu,2015,4702.58,550598.0,179045.07,32.52
Caaguazú,caaguazu,2016,6046.52,550598.0,179045.07,32.52
Caaguazú,caaguazu,2017,9576.55,550598.0,179045.07,32.52
Caaguazú,caaguazu,2018,4076.55,550598.0,179045.07,32.52
Caaguazú,caaguazu,2019,7378.45,550598.0,179045.07,32.52
Caaguazú,caaguazu,2020,7723.09,550598.0,179045.07,32.52
Caaguazú,caaguazu,2021,6214.43,550598.0,179045.07,32.52
Caaguazú,caaguazu,2022,7651.73,550598.0,179045.07,32.52
Caaguazú,caaguazu,2023,5826.52,550598.0,179045.07,32.52
Caaguazú,caaguazu,2024,5590.19,550598.0,179045.07,32.52
Caaguazú,caaguazu,2025,6237.2,550598.0,179045.07,32.52
Cordillera,cordillera,2001,340.08,209583.3,26371.71,12.58
Cordillera,cordillera,2002,570.32,209583.3,26371.71,12.58
Cordillera,cordillera,2003,637.05,209583.3,26371.71,12.58
Cordillera,cordillera,2004,1092.39,209583.3,26371.71,12.58
Cordillera,cordillera,2005,811.62,209583.3,26371.71,12.58
Cordillera,cordillera,2006,784.1,209583.3,26371.71,12.58
Cordillera,cordillera,2007,803.13,209583.3,26371.71,12.58
Cordillera,cordillera,2008,899.29,209583.3,26371.71,12.58
Cordillera,cordillera,2009,664.2,209583.3,26371.71,12.58
Cordillera,cordillera,2010,417.79,209583.3,26371.71,12.58
Cordillera,cordillera,2011,967.39,209583.3,26371.71,12.58
Cordillera,cordillera,2012,1294.19,209583.3,26371.71,12.58
Cordillera,cordillera,2013,839.1,209583.3,26371.71,12.58
Cordillera,cordillera,2014,1421.59,209583.3,26371.71,12.58
Cordillera,cordillera,2015,689.9,209583.3,26371.71,12.58
Cordillera,cordillera,2016,1369.04,209583.3,26371.71,12.58
Cordillera,cordillera,2017,1533.6,209583.3,26371.71,12.58
Cordillera,cordillera,2018,937.51,209583.3,26371.71,12.58
Cordillera,cordillera,2019,909.66,209583.3,26371.71,12.58
Cordillera,cordillera,2020,2180.19,209583.3,26371.71,12.58
Cordillera,cordillera,2021,1107.54,209583.3,26371.71,12.58
Cordillera,cordillera,2022,1143.3,209583.3,26371.71,12.58
Cordillera,cordillera,2023,1323.09,209583.3,26371.71,12.58
Cordillera,cordillera,2024,1432.76,209583.3,26371.71,12.58
Cordillera,cordillera,2025,2202.88,209583.3,26371.71,12.58
Caazapá,caazapa,2001,1856.78,451722.6,120196.32,26.61
Caazapá,caazapa,2002,3313.19,451722.6,120196.32,26.61
Caazapá,caazapa,2003,6235.59,451722.6,120196.32,26.61
Caazapá,caazapa,2004,7845.03,451722.6,120196.32,26.61
Caazapá,caazapa,2005,4488.48,451722.6,120196.32,26.61
Caazapá,caazapa,2006,2335.24,451722.6,120196.32,26.61
Caazapá,caazapa,2007,2147.79,451722.6,120196.32,26.61
Caazapá,caazapa,2008,3376.72,451722.6,120196.32,26.61
Caazapá,caazapa,2009,1515.78,451722.6,120196.32,26.61
Caazapá,caazapa,2010,2212.85,451722.6,120196.32,26.61
Caazapá,caazapa,2011,3889.9,451722.6,120196.32,26.61
Caazapá,caazapa,2012,5105.92,451722.6,120196.32,26.61
Caazapá,caazapa,2013,3514.07,451722.6,120196.32,26.61
Caazapá,caazapa,2014,2834.7,451722.6,120196.32,26.61
Caazapá,caazapa,2015,1743.22,451722.6,120196.32,26.61
Caazapá,caazapa,2016,3890.29,451722.6,120196.32,26.61
Caazapá,caazapa,2017,6767.23,451722.6,120196.32,26.61
Caazapá,caazapa,2018,4077.34,451722.6,120196.32,26.61
Caazapá,caazapa,2019,5891.6,451722.6,120196.32,26.61
Caazapá,caazapa,2020,13371.11,451722.6,120196.32,26.61
Caazapá,caazapa,2021,5665.33,451722.6,120196.32,26.61
Caazapá,caazapa,2022,9196.4,451722.6,120196.32,26.61
Caazapá,caazapa,2023,4846.08,451722.6,120196.32,26.61
Caazapá,caazapa,2024,5301.23,451722.6,120196.32,26.61
Caazapá,caazapa,2025,8774.45,451722.6,120196.32,26.61
Paraguarí,paraguari,2001,457.11,297208.9,29946.77,10.08
Paraguarí,paraguari,2002,533.38,297208.9,29946.77,10.08
Paraguarí,paraguari,2003,880.8,297208.9,29946.77,10.08
Paraguarí,paraguari,2004,983.05,297208.9,29946.77,10.08
Paraguarí,paraguari,2005,994.45,297208.9,29946.77,10.08
Paraguarí,paraguari,2006,848.23,297208.9,29946.77,10.08
Paraguarí,paraguari,2007,839.27,297208.9,29946.77,10.08
Paraguarí,paraguari,2008,809.26,297208.9,29946.77,10.08
Paraguarí,paraguari,2009,581.11,297208.9,29946.77,10.08
Paraguarí,paraguari,2010,578.39,297208.9,29946.77,10.08
Paraguarí,paraguari,2011,1244.34,297208.9,29946.77,10.08
Paraguarí,paraguari,2012,1744.12,297208.9,29946.77,10.08
Paraguarí,paraguari,2013,732.42,297208.9,29946.77,10.08
Paraguarí,paraguari,2014,1182.42,297208.9,29946.77,10.08
Paraguarí,paraguari,2015,886.45,297208.9,29946.77,10.08
Paraguarí,paraguari,2016,1218.16,297208.9,29946.77,10.08
Paraguarí,paraguari,2017,2321.8,297208.9,29946.77,10.08
Paraguarí,paraguari,2018,1202.32,297208.9,29946.77,10.08
Paraguarí,paraguari,2019,848.32,297208.9,29946.77,10.08
Paraguarí,paraguari,2020,2118.51,297208.9,29946.77,10.08
Paraguarí,paraguari,2021,2265.63,297208.9,29946.77,10.08
Paraguarí,paraguari,2022,2358.08,297208.9,29946.77,10.08
Paraguarí,paraguari,2023,1365.9,297208.9,29946.77,10.08
Paraguarí,paraguari,2024,1500.39,297208.9,29946.77,10.08
Paraguarí,paraguari,2025,1452.86,297208.9,29946.77,10.08
Guairá,guaira,2001,932.64,178031.2,33253.24,18.68
Guairá,guaira,2002,1104.13,178031.2,33253.24,18.68
Guairá,guaira,2003,1634.17,178031.2,33253.24,18.68
Guairá,guaira,2004,2622.89,178031.2,33253.24,18.68
Guairá,guaira,2005,1511.14,178031.2,33253.24,18.68
Guairá,guaira,2006,903.81,178031.2,33253.24,18.68
Guairá,guaira,2007,1196.61,178031.2,33253.24,18.68
Guairá,guaira,2008,985.01,178031.2,33253.24,18.68
Guairá,guaira,2009,588.13,178031.2,33253.24,18.68
Guairá,guaira,2010,749.83,178031.2,33253.24,18.68
Guairá,guaira,2011,1614.87,178031.2,33253.24,18.68
Guairá,guaira,2012,1430.34,178031.2,33253.24,18.68
Guairá,guaira,2013,711.42,178031.2,33253.24,18.68
Guairá,guaira,2014,847.57,178031.2,33253.24,18.68
Guairá,guaira,2015,596.47,178031.2,33253.24,18.68
Guairá,guaira,2016,1672.66,178031.2,33253.24,18.68
Guairá,guaira,2017,2472.85,178031.2,33253.24,18.68
Guairá,guaira,2018,682.78,178031.2,33253.24,18.68
Guairá,guaira,2019,939.74,178031.2,33253.24,18.68
Guairá,guaira,2020,1414.16,178031.2,33253.24,18.68
Guairá,guaira,2021,1576.18,178031.2,33253.24,18.68
Guairá,guaira,2022,1500.23,178031.2,33253.24,18.68
Guairá,guaira,2023,1849.53,178031.2,33253.24,18.68
Guairá,guaira,2024,1622.14,178031.2,33253.24,18.68
Guairá,guaira,2025,2093.94,178031.2,33253.24,18.68
